id,screen_name,description,name,url,location,followers_count,friends_count,statuses_count,
3102024130,seeficaz,¿Te has quejado alguna vez de la falta de tiempo? Pues entonces deberías de leer este libro para poder exprimir la vida a tope,Gestión del tiempo,http://t.co/5YszF9aI4m,,2643,2694,45,
3499581921,b_gyarmath,Choose an interest. Build a Website. Attract Visitors. Earn Revenue. Get Started right now for FREE:http://t.co/j9S7RpZD25,b_gyarmath,None,,12321,12264,174,
2207606742,enriquednicolas,#IBMer ⇆ https://t.co/M51BBRgqt2 #digitalsales #WatsonAnalytics #socialmedia #journalist #sports #foodie #traveller love @Atleti my views are my own,Enrique de Nicolás ㋡,https://t.co/vRJ4byGEMm,Dublin / Madrid,28070,20976,37957,
3307152613,PR_crowdfund,We are passionate about the #crowdfunding industry and helping people reach their fundraising goals. #PR,Crowdfunding PR,http://t.co/m7mTTH858p,"Santa Monica, CA",4339,801,1267,
3416941697,IoTNewsToday,Online community for those interested in #IoT. Our featured #IoT read: https://t.co/EG73waGr1r,IoT News,https://t.co/EG73waGr1r,New York,5079,5410,670,
3046284631,dalaradesign,"Los Angeles based Interior Designer and decorator specializing in high-end residential design. #interior #design, #FIDM #Graduate, #Owner at Dalara Design, LLC",Dalara Design,http://t.co/DkjZx6TggE,"Santa Monica, CA",7553,6937,10650,
1932259718,sene3583,"beni takip edin, yolu biliyorum :)",sssssssss,None,Turkey,1259,4671,815,
2650996669,TheIBMMSPTeam,Teaming w/ IBM to capitalise on new market opportunities for Managed Service Providers. Managed by @gabsalzano & @PetraBernhardt  Follows IBM Social Guidelines.,The IBM MSP Team,http://t.co/MTPL3dtZIl,"London, UK",18192,10452,28846,
2244690326,AnalyticsPeople,"Connecting people, opportunity, & resources for #Analytics Become a featured Author with us: https://t.co/c4ON10SDbO …",The Analytics People,https://t.co/vF69qvkjSY,,177,1168,14,
9689982,arvindcg,"Mobile/Web Java, Python, , Chess, Music, Entreprenurship, Opensource, UX , Guitar",Arvind Gupta,None,India,1038,1766,1525,
3415070931,BestofIoT,All you need to know about the latest #IoT news and trends. Our featured content: https://t.co/SLVQCe7wyl,Best of IoT,https://t.co/SLVQCe7wyl,Global,4346,5001,681,
3772027515,NorocMarius,Graphic Designer & Entrepreneur. Proud Founder of @NetixHost & @BannersTown,Marius Noroc,https://t.co/txnMXzn5Cw,"Iaşi, România",1259,970,45,
201436130,haseeb,"PMP, MEng. BEng. Current - Stealth Mode : Past : Co-Founder @BitAccess (YC S'14) & Multiple Startups #Fintech #Remittance",Haseeb Awan,http://t.co/Fke0HETUv5,"Ottawa,Islamabad,SanFrancisco",53353,8611,1843,
3312346710,IoT_Industry,Sharing the best #IoT + #IIoT content across the web. Featured read: https://t.co/oitqvENdXx,Industrial IoT,https://t.co/oitqvENdXx,U.S.,4781,5260,655,
942842191,hyiyhvr,Experience 360° Virtual Reality,HYIYH VR,https://t.co/BHb7kT4hzC,"Miami, FL",12958,3226,232,
4089748407,CryptoCargo,We sell pre-loaded Ether / Bitcoin wallets via twitter. Pay with Amazon gift cards.,Cargo,https://t.co/xYg0oRIUDx,London,31793,19462,257,
237376748,F_Marsili,"Detects single photons at NASA Jet Propulsion Laboratory. Likes detectors, quantum mechanics, superconductivity, nanostructures, and space.",Francesco Marsili,None,Los Angeles,7540,7293,601,
20944292,khurjekar,ceo & co-founder @letstalkpaymnts - the destination for the new global fintech - emerging financial services for the mobile generation,Aditya Khurjekar,http://t.co/eyNJmLiEqI,"ÜT: 40.684162,-74.585896",4059,3936,2743,
70393166,DrRickH,"Digitization lead @Cisco Americas. Smart + Connected Industries. Internet of Everything. Innovation. These tweets are my own. Dad, Husband and Dutch.",Rick Huijbregts,https://t.co/AkVn7NYelO,Everywhere,3261,1721,3351,
92434782,joey_montano,#Strategist at RevUnit. Specialist in #SEO / Search Strategy for #eCommerce. Active Frugal Life Hacker & #craftbeer enthusiast,Joey Montano,http://t.co/DFaj02BMh9,Las Vegas,2239,3994,958,
4055447243,360TTcam,"New technologies #360video Start of the project - March, 2016 #VR are ready to cooperation #360cam",Tripletcam,https://t.co/II67TB6v5q,"Краснодар, Краснодарский край",4659,5094,98,
18406335,dogvile,"Tweets about web development,UX, data visualization, data analytics, infographics,e-marketing, BI,Big Data, (geo)politics, transhumanism",dogvile,https://t.co/ekkBNqhfMf,Athens,2332,5001,6045,
241715982,ReuseCompany,"The REUSE Company is a product development company specialized in #Requirements #QualityAnalysis, #SystemsEngineering and  #SoftwareQuality.",The Reuse Company,http://t.co/AjGX9MMyEf, Madrid. Spain,187,204,321,
3309528800,EDU_Course_,"Degree programs in Healthcare, Sports Therapy, Paralegal Studies, Digital Marketing, and Business. Earn a degree in just 15 months! https://t.co/EXM7zWMsDh",Educational Courses,https://t.co/EXM7zWMsDh,USA,3487,4321,493,
241947522,JotaEmeEfe,,José Miguel Fuentes,None,,21,117,1,
458740416,RetailSocialMed,Affordable & Effective Digital Marketing & Social Media Solutions For Retail & eCommerce Companies by @MikeSchiemer of @SchiemerConsult & @FrugalBusiness,Retail Social Media,http://t.co/6t9aySllXo,New England & Worldwide,1922,2156,4434,
2784751108,ZitaFilms,"VR 360 & Flat  Video Production Company Madrid & Brisbane Kolor GoPro Certified Trainer Somos una productora audiovisual VR 360, con sedes en Madrid y Brisbane.",Zita Films 360,https://t.co/AxSDh7ppFy,Madrid / Brisbane,449,2788,162,
300876776,andrasonea,"Traveller. Storyteller. 
Lead Solutions Architect @ LBG Innovation Lab",Andra Sonea,None,London,11599,10128,6571,
2896300774,MurrayZebra,Murray is on his quest to bring user-friendly and powerful CRM software to small-medium sized businesses.,Murray,http://t.co/UlFZ0bCB0K,London,7914,7588,254,
39162565,kuppingercole,"Global Analyst Company focusing on #InformationSecurity. Account edited by Jennifer Haas, Communications Manager (jeh@kuppingercole.com) http://t.co/axmrx7SeIq",KuppingerCole,http://t.co/Etd5yzgXDp,"Wiesbaden, Germany",3013,4233,3241,
4299284368,NoJustFollowers,Followers - Likes - Views,No Just Followers,https://t.co/ue3yUuoh6F,,36818,36929,416,
3192618236,skymindio,"Tweeting from @deeplearning4j, the open source lib Skymind supports. Distributed deep learning for industry on Spark and Hadoop with CPUs and GPUs.",Skymind,http://t.co/UxyeF0Nhs0,"San Francisco, Outer Space",1331,2523,22,
159061069,WeAreManthan,Manthan is the Chief Analytics Officer for consumer industries. Our analytics solutions are architected with deep industry specificity.,Manthan,http://t.co/NQFszoppPL,"Phoenix, AZ",5984,6065,9194,
68937071,matooane,,Joseph Mokenela,None,,146,612,263,
2980792559,M_Steverling,"Bus. & Markting Eng. Social Media Manager. Into Start Ups, Languages & Photography.",Maureen Steverling,None,,23960,10464,4688,
2499744140,oscargineres,"#Emprendedor, #Proveedor, social media, Marketing, #Multinivel, #Networking, emprender, #Crowfunding...
Miembro Fundador #NEURS. @Fundador_NEURS",Oscar Giner,None,Valencia,10890,11980,3933,
23223629,greiten,Thorsten Greiten (41) is CEO at NetFederation and responsible for the sector digital financial communication. #digitalization #transformation,Thorsten Greiten,https://t.co/tKG581yKnz,"Cologne, Germany",2105,3914,4814,
3247261317,Sci_Everyday,Supercool science and effect it has on everyday life.,Everyday Science,None,EU,456,1604,228,
2339814349,deeplearning4j,"@SkymindIO's open-source deep learning 4 the JVM, Java, Scala, Hadoop, Spark, GPUs | http://t.co/WmAcPkXFxB | http://t.co/wjl7Fpwr7b | https://t.co/2Ky4g8xHGn",deeplearning4j,http://t.co/zao7apTdc5,"San Francisco, CA",12455,7153,1816,
3387295492,themicrobusines,Promoting and sharing ideas and methods for #microbusiness #entrepreneur #sales #startup people! contact@themicrobusinessblog.net,TheMicroBusinessblog,https://t.co/FHgyrEuoxx,,8458,8587,1938,
353532628,MazMEDEA,"Pop culture-centric, techno thriller writer + conflicted #Apple (ab)user . More on my website. Ich bin MAZ MEDEA.",Ｍ ﾑ 乙  Ｍ 乇 d 乇 ﾑ,http://t.co/agFbfQyRTR,Sometimes London Sometimes NYC,207232,83675,23530,
2400152720,tiendaaloe_,"Tienda online de productos 100% naturales basados en el Aloe Vera.
Contacto: infotiendaaloe@gmail.com",Tienda Aloe Vera,http://t.co/kyjdkv98mW,"Madrid, Comunidad de Madrid",41323,31028,627,
134639703,maxgilcosta,Negócios & sistemas.,Max Gil Costa,http://t.co/kSMAiVEEH5,,31,107,18,
4820804277,machinelearnbot,"I retweet everything about Machine Learning, Deep Learning, AI, Big data, Analytics.",Machine Learning Bot,https://t.co/U6mXdfuE28,,2015,3572,10303,
2353952462,AlexandBondarev,Co-founder of @SentiSum   https://t.co/msdGsuoWLt & https://t.co/tsrTEgMmWj - Professor of Non-Molecular Dynamics,Oleksander Bondarev,https://t.co/vy8Bs0Dl1Y,London,1544,1641,327,
458861014,juan_smg,19. just close your eyes and enjoy the rollercoaster that is life :) x · instagram & snapchat: juansmg. ⚓,juan,https://t.co/P8tfb5pjA6,MX/LA,35881,8952,52428,
4904815030,BoomBapEvent,,Boom Bap Event,None,,17,210,3,
3416844553,sarah_vytmn,Growth Strategist at @Vytmn. We help startups + SMBs with #growth & user acquisition. Tweeting social media insights for nonprofits. https://t.co/NHH3NDn2Hz,Sarah Wissel,https://t.co/UeLg1yLi1J,"Venice, CA",7051,7623,418,
2174711652,ooglivoo,,mmm..kay,None,,127,738,2640,
2844841960,librosdemivida,"Eterno aprendiz de #MarketingDigital #SEO y #SocialMedia.
Lector empedernido y bloguero ocasional.
Contacto: librosquecambiaron@gmail.com",Fernando Rivera,https://t.co/bDWn2WH96j,"Madrid, Comunidad de Madrid",132180,60649,9053,
235265979,synergyatwork,"Executive Search at its best
*Performance *Results *ROI 
Everything works better with Synergy
http://t.co/0mqxLB2XjD",Synergy Solutions,http://t.co/0mqxLB2XjD,,452,4582,4413,
2705797471,TSLimpact,Email Marketing Automation Platform,TSLimpact,http://t.co/rYrDzIYUax,Pune,651,1404,579,
3598667835,pladurbarato,"Directorio gratuito de pladur. Profesionales: Distribuidores, Almacenes e instaladores de pladur de toda España a tu alcance en https://t.co/DCbPw3zFJY",Pladurbarato,https://t.co/kBne4ml5Re,España,20055,15815,506,
289019406,ATVesey,"Brand/Business Junkie. Founder @VeseyCreative & @BrandQuarterly. #49ers Faithful, Rock Music lover & #Critter.",Andrew Vesey,http://t.co/Keb53HxEPB,United Kingdom,7741,6474,20912,
58800236,josefholm,"Tech Entrepreneur and Crowdfunding Advocat. Founder & CEO @Krowdster, @Tubestart, Software Architect, Dog Lover",Josef Holm,http://t.co/9GnY6mWS2U,"Santa Monica, CA",33903,14028,27963,
949161235,CrowdsUnite,Largest Crowdfunding Platform Review site in the world. Helping campaigners in reaching their funding goals.,CrowdsUnite,http://t.co/8OU48f9R,"New York, NY",4095,3545,3152,
4353901287,bitgoldislove,Teacher fascinated by the idea of easy payments and savings. My passion is BitGold: https://t.co/0Vz96M79T7 - Lead by example! #fintech #news #marketing #stocks,Alex,https://t.co/IU5i7WGMxp,Germany,6275,5475,69387,
88109289,opnio,Slippery Rock University Student,Reno,None,Pennsylvania,28,145,9,
"7,01806906466288E+017",m7oobf9m9m,,m7oobf9999@hotmail.c,None,,68,294,4,
4894521077,lov_beyon_line,1♡♡ % follow back,Ŀ♡Ѵ ßƐY♡И ĿĪИƐ,None,,2342,4755,168,
16816972,lisabriercliffe,"Social Business support services for on-line communities. Key markets are IT & Comms, Automotive & Small/Medium sized businesses. http://t.co/1ZE7iS35m5",Lisa B,https://t.co/iaA5ySYwnn,Brecon Wales,70593,65700,280153,
215910028,iasoto,Emprendedor social y amante de las tecnologías móviles,Ismael A. Soto,None,México D.F.,246,357,3791,
2914541789,Sidepreneurs,"Sidepreneurs energizes, educates and equips #entrepreneurs building their #sidehustle. You'll love the #podcast - http://t.co/EjGAX3jUF7",Sidepreneurs,http://t.co/AkimIkAI8M,,44171,48535,6454,
72686822,Tim_Ellis1,"Founder of The Digital Transformation People. 
Passionate about 
#DigitalTransformation #marketing #tech #BusinessStrategy",Tim Ellis,https://t.co/jN1OTIZ0Be,UK ,1617,1329,523,
137760221,vcherian71,,Varghese Cherian,None,Trivandrum Kerala India,83,76,114,
15389813,angusg,"Chief Technology Officer - https://t.co/JxvvUj0nHJ, co-founder of Foolish Beatz Records, Dad, gadgeteer, musician and all round geek - views are all my own.",Angus Gow,https://t.co/VS5uAWO2Ms,"Brighton, UK",7758,7775,2601,
2277632947,lisachwinter,"Passionate about #BigData #DataScience #Statistics #Psychology #IntelligenceAnalysis #Security   ✯ #WillisTowersWatson 
https://t.co/xpSw08HoKx",Lisa Winter,http://t.co/sEgle43RHe,Zurich,10361,4301,6890,
1912819758,adamfintech,"Australian serial #entrepreneur, your angel #investor and #startup #advisor.  #FinTech lover and experienced #CTO, worked for @Google.",I'm Adam,https://t.co/x2nmleaiQM,"Sydney, Cebu, London",1809,812,1144,
30516537,jeremyjoates,Group Operating Officer @Accenture Technology, Tech Leadership Group of Prince's Trust, Passionate about tech and using it to improve the world we live in.,"Jeremy Oates, None, London",1691,4942,545,
3438740969,MaxWaluk,Currently pursuing a B.S. in Information Technology at FSU. Lifelong geek and musician. I love PC gaming and hanging out at home with my SO and my daughter.,Max Waluk,https://t.co/H5B1eWoi1t,"Tallahassee, FL",4663,4755,1928,
"7,01978943398646E+017",Levitron6,Makes Smart Things For The Ease OF Human Life...,Smart-E,None,India,1043,4621,13,
469736690,abbieunger,"Wife, Mama, #Entrepreneur, #Speaker, Author of Make Money with Facebook Groups, Flight Attendant Expert, #traveltips",Abbie Unger,https://t.co/csbFi1ihDO,"Edisto Beach || Charleston, SC",5531,5524,3979,
2355121538,Labcities,Join the World's Largest Smart City Business Network and Marketplace for FREE at https://t.co/fqFz2lxgEn. Managed by @vansteyvoort and Joan Torres.,LABCITIES #SmartCity,https://t.co/LS9TFgwEeY,London - Frankfurt - Barcelona,6583,6829,963,
2331300858,BernardAWillEsq,"Business Attorney | Providing legal services and advice to help small business owners feel informed, protected, and confident.",Bernard A. Williams,http://t.co/SuJyUCy00o,"Philadelphia, PA",914,1071,2418,
1216180734,JoseAmescua,,Jose Amescua,https://t.co/7Qz7AgnlRH,Madrid - Spain,79,72,198,
"7,01872805852283E+017",sust_dots,"Connecting dots between the different ideas, thoughts, industries, and applications of #sustainability. Run by @mizukiemma // @sparkingthought",Sustainability Dots,https://t.co/vOqtITITzj,"California, USA",2272,4153,32,
224591625,superafroman,Director of Software Engineering at @cybLdn.  #startup #leanstartup #programming #nodejs #java #reactjs #angularjs,Max Stewart,http://t.co/5ViBNKwYel,London,5044,5034,262,
2378423046,ECOmooc,New edition March 7th 2016!! #JoinECO ecolearning.eu,ECO Project EU,https://t.co/lo285d4fhx,Europe,6875,4111,6257,
3310067741,SheWorx,A collective of ambitious female entrepreneurs and changemakers redefining the next wave of leadership. Join us for our next breakfast! https://t.co/do6Zm9PKbt,SheWorx,http://t.co/jDv1bzk1ZW,"New York, NY",3142,3239,866,
32423542,neverworks,GIS Software Architect  •  Ninja  •  The Legend  •  Sarcoidosis Advocate  •  Volunteer  •  Maker  •  Gearhead  •  Code Monkey  •  Artificial Intelligence,Aaron Lee Judy,http://t.co/Lxcp39Q6qZ,"Gilbert, AZ",99,245,878,
"7,01112910110708E+017",ToccoConrad,"Do what thou wilt shall be the whole of the law, love is the law love under will. Alister Crowley",Robert Conrad Tocco,None,New Jersey,1857,4636,96,
369043711,mizukiemma,"NY•USC•SF | World explorer | Love #urbanplanning, design & innovation | Working for #sustainability #socialimpact & a better future | Also @sust_dots",Mizuki Yamamoto,https://t.co/ZvpFRoYBcr,"San Francisco, CA",2600,3583,2058,
31465017,Toffeemen68,"Professor & Associate Dean at Simon Fraser University: operations, innovation & change, social media, creative consumers, strategy and management education",Ian P. McCarthy,http://t.co/zVlaoVRYPB,Vancouver,23080,14905,7702,
1964258858,LechoslawTech,Pop culture advocate. Professional social media evangelist. Internet geek. Incurable gamer. Gadget fan. Tv specialist. Musicaholic.,Lechoslaw George,None,"USA , AZ",8144,7347,10390,
3242715572,StrtClass,Education & Employment Research Tool,StartClass,http://t.co/Lmg2WkLlwp,"Santa Barbara, CA",2779,3031,47,
348127618,SoftwareHollis,"#Software #Marketing executive. Technology & market author/expert: #Data, #Cloud, #SaaS, #Integration, #Innovation and #VC related topics.",Hollis Tibbetts,http://t.co/ju0UmPbT8b,"Austin, TX",59308,42701,43777,
3951590955,ennovainc,"Ennova Inc. is an innovation firm focusing on developing Disruptive Leaders. Visit our new site on disruptive signals, it's free. https://t.co/mN2jS4HsUS",Ennova,https://t.co/bzH5UuXeHj,,2241,2695,1757,
210269467,KennyWarner,"@FuzeUs CoFounder, CEO https://t.co/47fFfUC5tq. I'm here to change the world for the better, how about you? Cause Marketing, #socent, nonprofits, philanthropist",Kenneth Warner,http://t.co/gzUPjmZVSR,"San Francisco, CA",51390,49959,3503,
61688019,sweanstech,We are WordPress lovers.,Sweans Technologies,http://t.co/bYsB7TVAcl,"Kerala, India",3210,1537,2351,
4746718386,VR_Profile,#VR news and stories. Follow for #Virtualreality #tech #startup #news.,VR by VBProfiles,https://t.co/2ldPJInVQE,"San Francisco, CA",1236,1169,830,
1137367399,sublimecoder,"#Ruby on #Rails #Software Engineer at @ycombinator backed @onemonthedu. #growthhacker #javascript 
#elixirlang #phoenixframework",Jared Smith,http://t.co/UCUl3rZNra,"Bakersfield, CA",15577,10822,4594,
350987335,KeithJKrach,"Chairman & CEO of @DocuSign. Previously Cofounder & CEO of @Ariba, Chairman of @AngiesList and Purdue University. Husband & father of 5.",Keith Krach,https://t.co/cDbz8y5FsQ,"San Francisco, California",5092,3280,994,
15476665,Artzain,"Mitad tecnología, mitad Euskal Artzain. Fundador de http://t.co/zYROyPVoib y empeñado en la recuperación del EAT desde @EuskalAbereak
LA VIDA ES AHORA",Αr†zαiη ,http://t.co/BGkjf8Ld5Y,Pamplona-Iruña,31043,18883,12374,
312228522,philmaud,@airbnb #Superhost @HenPartyHouse    #SmartHome tech lover. Now working with @Wifiplug. Ex-Marketing Director @LightwaveRF. #Solar PV & #NissanLeaf owner,"Phil Maud, MBA",http://t.co/wMn7ptgYCt,Yorkshire UK,3182,3193,2533,
916541732,eStreetClub,CEO & Founder of https://t.co/vqXkPX1mOV - a vibrant business-creation community that connects Skilled Africans to opportunities to make a living & build brands,Jake Adebayo,https://t.co/x49eq2VMuh,"London, Lagos",4718,2569,9833,
4414947622,TheDigitalTP,"Connecting people, opportunity, & resources for #DigitalTransformation Become a featured Author with us: 
https://t.co/c4ON10SDbO",Digital Transform,https://t.co/2YXXzCkmNb,"England, United Kingdom",2159,2386,755,
18875075,markdiekmann,"#digital | #strategy | #analytics | #publicpolicy | #security | #running | #tri | Local in Singapore, London, KL, Jakarta, Berlin | #LoveLondon",mark | diekmann,None,"South, West, North, and East",4277,3954,714,
4879464971,EvelynPaston,https://t.co/0YJxEsub3t [Limit offer] Join the campaign before it closed! Everyone should eligible to own one.,Giveaway Hoverboard,https://t.co/0YJxEsub3t,,275,5002,0,
108352371,dunkerm,,dunker,None,,6,85,24,
460986429,ClassGuitarist,"Guitarist & co-founder of #DarloBiz, #Darlobizhour and #DarloMusic. 

Booking/tuition enquiries:  info@anthonydavison.com",Anthony Davison LRSM,https://t.co/pwn9dqk6V8,"Darlington, Co. Durham, UK",84169,49270,44612,
213248607,Grupo_LaBDA,"LaBDA-Advanced Databases Group-Universidad Carlos III de Madrid. 
Follow us ​on SlideShare​ https://t.co/CRG8nWCaU2
Account managed by Paloma Martínez",LaBDA,http://t.co/cTu0dBsQBZ,Spain,286,381,1832,
1453702609,eLearngraphic,#eLearning Infographics -The No.1 Source for the #Best #Education #Infographics - Submit Yours for Free! http://t.co/AzHzIZ7Tux,elearninginfographic,http://t.co/Pl5r4Di12A,USA,50646,38586,8317,
376823962,MauroBiasolo,SAP project manager |Co-founder at https://t.co/KHHxPXGEjP (Russian company services)| CEO at https://t.co/E9nbeP1T3h|Startup Grind Veneto Co-director,Mauro Biasolo,http://t.co/JZvzdFmzjh,"Vicenza, Veneto",7218,6990,1619,
1201123297,bilalhadiar512,,Bilal Haidar,https://t.co/NGtYPFaXKo,Khushab,106,1157,148,
3056762420,EquityGuy,"Writing code, trading equities. Obsessed with risk management",The Equity Guy,https://t.co/gnUFHKPzqr,,1437,2512,26,
2749463678,HaqCast,"Entrepreneur,foodie,polyglot-6. Principal, emerging markets consultancy @SH_Intl. Advisory board @SoteTunaweza. Former @IFC_org/@WorldBank. @Wharton @Georgetown",Sara Haq,http://t.co/lUwdfajahd,,9777,949,1876,
1100415733,CrowdFundBeat,News & Information about #Crowdfunding People.  Watch interviews on  http://t.co/IM61G4FuVG,CrowdFund Beat News,http://t.co/PaMgOkQZBz,USA,14778,2805,7024,
26493482,gruset,"Data Scientist with a flair for computing and challenging life. Hadoop, Big Data, BI, Analytics; You name the game, I play it! Also, BI Consultant at @inspari",Steen Kjøng Paulsen,https://t.co/bpoICsgzJQ,"Aalborg, Denmark",73727,49656,47814,
170450090,AnnaInChgo,,Anna,None,,35,414,25,
2933447393,fintechna,"The most important #fintech weekly newsletter http://t.co/WipZDuDvqK
Also discussion at: http://t.co/mAxbDF4ljI",FINTECHNA,http://t.co/KTYlf2D6Hh,LON | NYC | HKG  | SYD | SIN,9714,2286,304443,
53097915,QuantumOfRavi,Principal Engineer at Qwikcilver,Ravi...,None,Bangalore,63,122,460,
47464300,krbenedict,"Senior Analyst, Center for the Future of Work @Cognizant, mobile & digital expert, futurist, writer, speaker, cow-milker, SAP mentor alumnus",Kevin R Benedict,https://t.co/kMFRRW8od5,Boise,11141,6357,8303,
622138969,monicaTw783,Ingeniera de Sistemas apasionada por el desarrollo de software,monica acosta,None,,36,92,189,
4249174403,c_iantosca,#DataScience #BigData #SAS #R #Python,Carmelo Iantosca,None,"Zürich, Schweiz",1176,3984,192,
309490503,muratorno,"Slow Down, God Can Hear You!",Murat ORNO,None,Istanbul,23,138,101,
208693559,ndlstrong,"Customer Success at @SocedoApp. Graduate of @SeattlePacific. Blogger behind @ournorthseattle. SharePoint, HTML, Wordpress Expert. #AvGeek. Skiier. ENTJ.",Nate Strong,https://t.co/psIRTg9APT,"Seattle, WA",13939,13887,3048,
2271492119,t_sanfe,,Tomas S. Feliu,None,,10,47,44,
38888045,joerg109,"co-founder, managing director at KuppingerCole Analysts.
Cybersecurity, identity management, internet of things, privacy, blockchain - fintech - insurtech...",Joerg Resch,http://t.co/wyyJa5vAu5,Wiesbaden/Germany,2759,2894,571,
111029393,srossignol,"Ingénieur d'affaires chez #salesforce basé à #Lyon. Je tweete sur le #crm et l' #innovation.
Mes opinions ne reflètent pas les opinions de #Salesforce",Stephane Rossignol,http://t.co/RBBc1asYod,Lyon,6209,5446,5560,
307753350,TestingSaaS,Enthusiastic Blogger / tech / science Journalist | #softwaretesting | #SaaS | #security | #privacy | #identitymanagement,Cordny Nederkoorn,https://t.co/HAoEhnHHBH,,30650,27826,5155,
307753350,TestingSaaS,Enthusiastic Blogger / tech / science Journalist | #softwaretesting | #SaaS | #security | #privacy | #identitymanagement,Cordny Nederkoorn,https://t.co/HAoEhnHHBH,,30650,27826,5155,
13137022,tedclark,Simplify Decision Making - Here's how - Join the Excel Hell Movement: https://t.co/Cb6zu6o7oO,Ted Clark,https://t.co/rhEBlJBvBU,"Seattle, WA",12833,11847,1013,
4913398312,VeraOsnovina,,Vera Osnovina,https://t.co/WZLfYZI7EU,,72,585,8,
457924798,JessicaMalini,"|Life begins at the end of your comfort zone. Never settle, keep growing| Programming Hacker | Addict at @TensorFlo | Fashion and Luxury",Jessica Malini,https://t.co/gxgTGHGGXo,"San Francisco • Modesto, Ca",5746,3833,2259,
1033626252,navarrofrank11,"Software Engineer @ Socedo
http://t.co/dyai2kg01X",Francisco Navarro,http://t.co/gGaJEXLNAY,Seattle,7584,7599,510,
97563407,fonker,Industrial Designer & innovation specialist. Personal Profile.,Fonker,None,"Santiago, Chile",68235,23883,10,
"7,01766155988574E+017",RomanCortijo,Software Engineering Agile Maturity Coacher,Roman Lopez-Cortijo,None,"Madrid, Spain",2,2,0,
207891946,EngMustafaIT,,MnM,http://t.co/oPCaiBKpvP,,157,311,1998,
2301804684,cdbucla,"UCLA Center for Digital Behavior || advancing research on use of digital/mobile tech to understand, predict, & change human behavior || founded by @seanyoungphd",UCLA CDB,http://t.co/SXgpGH6LNq,Los Angeles,2047,2975,6034,
183771729,daniorellanau,Archittetura.,Daniela Orellana,None,,224,223,3024,
3295908500,VesterQuant,Freelance C# .NET software developer. Passion for financial markets and high performance software. Tweet code stuff and markets. Skydiver and tunnel flyer.,Thomas Vestergaard,https://t.co/hEOvuUX5UQ,Denmark,3548,3366,156,
1722733146,letiagr,,Leticia de Amescua,None,,43,97,76,
3042524067,GotzCEO,Co-founder of @Eventerprise_ ‘We’re on a mission to connect the global events industry!’ https://t.co/otsjORFbhK & https://t.co/uQqBSyVEmA,Götz Thümecke,https://t.co/oV1dPGte8h,Worldwide,6427,5708,10035,
2478821268,NaglaaBernaba,,Naglaa Bernaba,None,,50,786,43,
203235419,alexavilesp,Estudiante en #URJC Hablo sobre temas que interesan a estudiantes Fundador/CEO de algunas #Startups @dinamizer_app  nexo de unión entre ESTUDIANTES Y EMPRESAS,Alex Avilés,https://t.co/eUwYW8mYep,"Madrid, Comunidad de Madrid",9100,5638,3254,
2186214079,LuisCarbajosaP,Founder and CEO of @PixieCodeSL Coding help young people develop as creative thinkers. Father of five happy children. Computer programming teacher,Luis Carbajosa Pérez,http://t.co/f1ugcFw0S4,,436,645,340,
2570521782,alcorcon_hoy,En http://t.co/VX0C1v9pdG podrás encontrar las mejores ofertas de Alcorcón.,AlcorconHoy.com,http://t.co/18uVrinqau,Alcorcón,2674,663,4231,
94423119,sarbx,,Saravanan,None,,5,37,28,
457605670,HCPreymann,Co-founder of https://t.co/njQbUbrRgI  Country manager at Ebbon-Dacs Deutschland GmbH and owner/MD of Universal Business Development GmbH,Hans-Christian Preym,None,Salzburg Area | Austria,4444,4315,874,
2953486679,MillerSharonS,Do one thing every day that scares you,Miller Sharon,None,"Kansas City, MO",5022,3229,71,
2953486679,MillerSharonS,Do one thing every day that scares you,Miller Sharon,None,"Kansas City, MO",5022,3229,71,
185898176,silviakspiva,Community @ciscodcloud. Tweets here are my own. #TechAcutie,Silvia K. Spiva,https://t.co/uq6bL1wTFb,Silicon Valley,58912,44951,10488,
337096663,Suss33,"CEO @pfp_services, I believe in protecting a community of families through @fsp_family as an Entrepreneur, Innovator & Leader",David Sussman,https://t.co/ECIzIRXQ70,Connecticut,40666,40450,3053,
262343673,mark_torr,#BigData #Analytics #InternetofThings #Hadoop #Marketing #SocialSelling #SocialMedia. Love using tech to drive business value. Opinions/Tweets are my own.,Mark Torr,https://t.co/JQmGTyzqUx,"Heidelberg, Germany",12085,11103,2880,
163864880,tadajewski,https://t.co/U5T7dHVXVn #iot #startup #InternetOfThings #smarthome and much more on Linkedin :) Tweeting from #SiliconValley #NY & #Poland,Radek Tadajewski,https://t.co/U5T7dHVXVn,"Poland / SF,CA",25844,7671,1770,
"7,01102527652241E+017",soo_dri,,Adriano Souza,None,"Belo Horizonte, Brasil",65,225,10,
4917963332,FuzeUsEducation,Become an ambassador for better #education for children everywhere with @FuzeUs. Check out what we're up to and join us @ https://t.co/vYAIPKDbxE,FuzeUs Education,https://t.co/vYAIPKDbxE,"San Francisco, CA",2820,4512,33,
47757282,pawkyhljensen,This is for the people who wants to follow the progress of developing TimeXtender.,Paw Kyhl Jensen,http://t.co/dVI6cS2a8U,Denmark,3169,2905,717,
21999339,jesusamor,"Friki normal, con síndrome de Diógenes digital. Director técnico en @Roams_es #tutelefoníasínlíos y Desarrollador web en http://t.co/MvgDemz3ZI",Jesús Amor,http://t.co/wsw2CCCzXA,Palencia,2160,2120,578,
224778333,PPI_BI,Data Warehouse Automation.... next big thing to accelerate decision making,Jesper Vork,http://t.co/uHf4lGWPm1,"Redmond, WA",14786,13380,1526,
114761840,erinemooney,Software Trainer @reuters Host @celebwhogive CBS Alumni @ktvq William Morris Endeavor Alumni @wmeimg_speakers Connect https://t.co/FgFniMYYi7,Erin Mooney,https://t.co/SScriqnQkN,"California, USA",13878,12753,1510,
4481540007,BlackSwanMick,#Applied #Prediction #analytics #bigdata all round #tech with #MachineLearning  and a lot of #algoritm POC to boot. opinionated and occasionally useful.,Mick OC,https://t.co/FiUo4S0NGy,Roving globally,1346,1248,539,
142396796,cx73,Architect | Sportsman | Looking for the next exciting challenge...,marais,None,Knysna | South Africa,77661,61266,3700,
757365218,RickKing16,"Technology Consultant, Graphic Designer, Musician, Composer, Software Programmer, Mobile Application, Unity 3D Programmer, VR Dev",Rick King,None,Colorado,203435,85823,56852,
115024292,seluc3m,Software Engineering Lab is a research group at Carlos III University of Madrid,SEL-UC3M,http://t.co/4iavRjJSCM,"Leganes, Madrid, Spain",368,108,774,
29420610,ARdelasH,"Antonio Rodríguez de las Heras,
catedrático de la Universidad Carlos III de Madrid.",A R de las Heras,http://t.co/NpU1AgYZT5,Madrid,3288,2498,1548,
145600904,Cyndiburnett,"Assistant Professor at the International Center for Studies in Creativity at Buffalo State! #bCreative
https://t.co/D0CTaYQBiv
https://t.co/LQfzHXZVFR",Dr. Cyndi Burnett,https://t.co/kBWbcES0hi,"Buffalo, NY",124298,94623,3346,
42034114,GoogleExpertUK,Google Expert & Public Speaker @CruiseLecturers #SEO & Social Media Campaigns http://t.co/OhWRUIpQOR #Google #Twitter susan@seowebmarketing.co.uk,Susan Dolan,http://t.co/mMoTsOs5xe,"Manchester, England",437942,261487,283203,
4835652730,LearntoCodeGame,"Promoting online courses for programming, game development, android development and much more. Follow us and get HUGE discounts with our coupons!",Learn to Code Games,https://t.co/Gou1bgXLPN,,194,768,34,
1121743712,VladimirRaykov,"Online instructor, Blogger and a Friend. I love my family and friends. :)",Vladimir Raykov,http://t.co/RjEIlvt0IU,USA/Bulgaria,51743,49557,11835,
3022592652,JohnKAtDell,"Thin Client Product Manager @ Dell for Federal, Education + Mobile solutions. Recovering virtualization enthusiast (VCP 3,4,5 + 6). Running + golf if I'm lucky.",John Kelly,None,"Limerick, Ireland",1843,2145,313,
2787091239,NoPlag,Powerful online educational platform which offers originality checking services to ensure and assist in plagiarism-free writing process.,Noplag,https://t.co/MZ5FFTd5nv,"New York, USA",564,994,59,
28143268,alexisroizen,Chief Design Officer of Turing Email. Lover of details and good jokes.,Alexis Roizen,http://t.co/PtwCPWAeFT,"Silicon Valley, CA",4453,5002,6,
2855305681,TheEducatorAU,The Educator Magazine is Australia’s only magazine and news website for the most senior educational professionals & decision makers. Editor: @Brett_Henebery,The Educator,http://t.co/babZzYCjdb,Australia,4622,2021,622,
4707113053,ehtmind,"Stonger Memory, Remarkable Focus, More Energy: https://t.co/MaWflAud3y",EHT,https://t.co/We6R8UUGsc,,3249,2738,430,
3379015497,EducationCase,"To support #educationforall we distribute free #tutorweb #educational #software with #mathed material in #lowincome #Kenya, with @Maseno_Uni - students get SMLY",EducationInASuitcase,https://t.co/vTesuyhee6,,2297,2548,4614,
2529449622,tickleapp,"Drag & Drop coding for Star Wars #BB8, Dash&Dot, drones, robots, Sphero, #Arduino & Hue. Tried #Scratch? You'll LOVE Tickle! #CSforAll #STEM #EdTech @codeorg",Tickle ,http://t.co/Pz6msF0u2e,,7731,7939,1501,
945844670,sr_elearning,Stone River eLearning offers high quality online learning for everyday people. Learn something new today. #elearning,StoneRiver eLearning,http://t.co/sD35gnfx3G,,8600,9444,2428,
1563103711,NetAppEMEA,EMEA presence of @NetApp. We partner with businesses to realise breakthroughs & deliver outstanding cost efficiency with innovative storage and data management.,NetApp EMEA,http://t.co/IeOcSyDDGs,Europe,2281,1726,2577,
2842582270,ReimagineHEdu,Highlighting #HigherEducation #innovations worldwide through #ReimagineEducation Awards & our #conference in December. Join us to discuss #education worldwide.,Reimagine Education,http://t.co/nJBC9jxbfz,Around The World,3009,1889,1293,
2393658834,efcgwu,Education Facilities Clearinghouse improves the places where students learn. For more info on School Facilities visit us online. #schoolfacilities,EFC,http://t.co/RtQz3afg0W,,10466,8497,1591,
3147270236,lingk_io,Integrate education applications and share data - easily and securely.,Lingk,http://t.co/ENymksqni5,"Danville, CA",141,363,173,
20762058,robertllewellyn,"Founder of https://t.co/y6mQ7yKTDk Helping leaders upgrade their digital business transformation knowledge, strategies, capabilities & outcomes.",Rob Llewellyn,https://t.co/oQrUHzrimg,Spain,8412,7221,7857,
4922292066,TopUdemyDeals,,TopUdemyDEALS,https://t.co/ZhTGrCeILO,,318,2440,118,
4870300396,TRsep,,The RSEP,https://t.co/Ovk9uXKU7O,"Kırıkkale, Türkiye",444,5002,18,
4922422394,udemy_master,,UdemyCouponMaster,https://t.co/ZhTGrCeILO,,305,2323,98,
28957508,dubechuke,"Geek dad | GoT nerd | Book collector | Internet business junkie | FX trading aficionado...and yeah, I'm an unrepentant Chelsea FC supporter, no sorry...!!!",Dube,None,"Abuja, Nigeria",225,733,504,
226121157,jggu1974,Universidad Carlos III de Madrid. Docente e Investigador del Departamento de Informática,Javier García Guzmán,https://t.co/2IbP5T73nQ,Donde el I+D me lleve,67,254,710,
136855203,svenz360,"Swedish born,lived in nz for 25 years and now in au the last 3 years.Internet marketer Business Startup Coach ,classified advertising system provider, Blogger,",olov soderling,http://t.co/2FYmIRKcbJ,Australia,3271,3490,3390,
116728148,teresa_eh,,Teresa Onorati,None,Madrid,91,201,630,
4719102676,sontlaa,,Son La,None,,7,92,3,
367067669,anas_tina,"Software Engineer, Palestinian Refugee living in Syria",Anas Tina,None,Syria,13,229,10,
2321147864,MSPTalha,,Talha Bin Afzal,None,,36,68,102,
4923845893,MdShoai68207956,,Md Shoaib,None,,45,167,1,
1425894672,bhallapoorva,Human-Computer Interaction enthusiast | Social Entrepreneur | Dedicated learner through MOOCs | Looking for opportunities | Amateur Photographer,Apoorva Bhalla,http://t.co/4zPwWWEN20,Singapore,788,3921,930,
2929324307,txfinancials,"TX-Financials. The first fully Automated Finance Engine. Financial reporting, budgeting planning forecasting & consolidation powered by @TimeXtender #DWA",TimeXtender Finance,None,Seattle,3779,3430,713,
18712684,CarstenRossiKR,Digital Transformation Evangelist  @kammannrossi. Loving Hubspot & Social Software. Living out loud.,Carsten Rossi,https://t.co/V0aLaTccZa,Köln,9185,7201,16709,
430488422,blueanatomygear,BlueAnatomy™ is constantly working on the next evolution of health and fitness devices for the mobile market,BlueAnatomy,http://t.co/WRFjMzcMAz,California,10527,7742,1502,
24421405,joancarbonell,Several lifetimes of Projects + Learning + Sci-Fi + Family & Friends = obsession to inspire an amazing future,Joan Carbonell,http://t.co/sBlmpxRZuU,"Palma de Mallorca, Spain",5176,4898,2792,
1652065105,MatthewSSilva2,"The best in visual culture, design, graphics, advertising, film, photography, illustration, type.",Matthew S. Silva,None,UsA -NY,517,1554,108,
3869629463,HelioCraticSoft,"Software Development Copany.
We develop first-class Sofware to provide our clients with the best solutions to maximize profits and turn their ideas into reality",HelioCratic,https://t.co/Y64Yj2ye0x,Ukraine,534,1419,27,
3129351260,schneidetvm,Software and Web Application Development by Schneide Solutions #SEO #SMO #WebsiteDesign #SocialMediaOptimization #OnlineMarketing #InternetMarketing #Software,Schneide Solutions,https://t.co/Fx0fIl99bV,"Kerala, India",597,407,516,
4185300977,ewald_ertl,,Ewald Ertl,https://t.co/gdZBBA50T1,,8,67,53,
308307256,ArtieBe,"Solution architect, cross-platform evangelist and startup entrepreneur. Now works for IBM (#IBMer).",Artis Birziņš,http://t.co/kvKsXY65M4,Tokyo,542,655,324,
2782231722,UshinawareTaKaz,This insane tomboy loves exploring new places and discovering a whole to dimension in humanity. She enjoys generating & discussing new ideas and pursuing them.,Suryasree,None,"Chennai, India",13,52,27,
4873102009,DiscountsUdemy,#udemy #couponcode #coupon #learn #mooc #bestmooc #learnonline,CouponUdemy,https://t.co/ZhTGrCeILO,,1273,5000,200,
160130892,Amen_Zine,"I may Grow Old but I'll Never Grow Up.

From Sorecal to SoCal ...",Amen Zine,None,California,206,894,3598,
4920048621,fnk_consultants,"FNK Consultants is a consultation company specializing in developing and providing customer solutions and business plans. 
enqfnkconsultants@gmail.com",FNK Consultants,None,Worldwide ,497,1112,25,
4873022264,UdemyCode,#udemy #couponcode #udemydiscount #discount,UdemyCode,https://t.co/ZhTGrCeILO,,1125,5001,200,
4890895361,idesire100,,IRA DESIRE,None,china/chengdu,32,111,1,
4021064073,Entrepreneurch2,,Jessica Hyde,None,,3314,4257,306,
1304454265,fleitas56,Don’t just learn a programming language. Learn to program.,Graciela,None,Madrid,84,277,188,
103614732,Cris_telefe,Journalist @telefenoticias @bbcmundo @fopea /Author #ElJardinDeLosDelatores https://t.co/visOkFq0Vn /English Literature/Theatre/Shakespeare/Opinions are my own,Cristina Perez,https://t.co/UIjRrU7eRc,Buenos Aires,668993,1384,87001,
83134269,simonpeterpc,"Hello, Im a engineer. I like sports, music, womens and i like so much live life.",Simão Chumbinho,None,Porto,5,56,62,
804388,blogpocket,"Informático y blogger. Publicando sobre blogs, social media, redes sociales y marketing de contenidos. Mi mantra es: democratizar el aprendizaje del blogging.",Antonio Cambronero,http://t.co/fKBxn8KZ2x,"Madrid, Spain",84572,43087,35041,
564512741,kpmmchagas,Explorer. Student. Infuriatingly humble tv geek. Typical bacon maven. Entrepreneur. Communicator.,Paulo Tadeu Chagas,None,Brasil,67,182,624,
70174515,orlybg,"Code monkey; Jack of all trades, master of none; Pathologically lazy; Heart in the correct side of the chest; Rural hipster; Semi-cool geeky dude...",Orlando Briceño,https://t.co/GvOuxMrdXd,"Cleveland, OH",838,1209,14859,
105535846,paragpatelone,Co-Founder of @invoicedapp. Snapchat: paragpatelone,Parag Patel,https://t.co/GoCzOCgZYJ,"Austin,TX",12981,11442,1696,
202679728,wiarcon,"Cucuteño, Ingeniero de Sistemas. Desarrollador de Aplicaciones Web.",Wilson Contreras,http://t.co/lURi6ug75l,Cúcuta - Colombia,301,1195,1277,
98012335,jordosh,"@Forbes columnist on global education, edTech & game-based learning. Senior Fellow @CooneyCenter. Working hard to un-educate students at @TempleUniv",Jordan Shapiro,https://t.co/G8jY9zDHZu,"Philadelphia, PA",105814,4832,9115,
4878784247,TOPUdemyHacker,#udemy #hacker #coupon #couponcode #courses #cheap,UdemyHACKER,https://t.co/ZhTGrCeILO,,1052,4998,223,
4877387511,steveruben2015,,Steve98,None,,4,13,19,
454195751,IsabellaSanSeg,,Maribel Sanchez,http://t.co/MgquO0Cgpc,"Madrid, España",14,16,37,
104674131,benkubassek,Founder @KnowGoGrow helping young #entrepreneurs with #startup | Sharing #wisdom on #lifebalance @mylifenbalance | #Author | #Speaker | #Entrepreneur | hugger,Ben Kubassek,http://t.co/3pQ6RzVrck,www.knowgogrow.com ,95214,72151,15384,
364233030,AchimLiese,"Software Developer, Technical Consultant, Aspiring Data Scientist   #DataScience, #MachineLearning, #ML, #AI, #Robotics, #Climbers, #climbing, #bouldering",Achim Liese,None,"Mainz, Germany, Europe, Earth",339,1117,161,
135816775,nachoodea,Professor at UC3M.,Nacho Aedo,http://t.co/aWi9sVj2cD,Madrid,54,25,30,
4873137073,UdemyHACKER,#udemy #hack #coupon #udemycouponcode #discount,UdemyCouponHack,https://t.co/ZhTGrCeILO,,1549,4998,200,
1675277317,JonPPenney,"IoT Security fanatic @cryptosoftltd, Information Security Professional, CEO, CTO, Entrepreneur. Celebrating 25 Years in the Business!! STAY TUNED FOR IOT NEWS!",IoT Security Pulse,https://t.co/ztC3q1ZP28,London,1658,3366,2493,
17989924,sthlybster,The Whole #!/bin/sh: proj mgr/app & cloud dev/ IP 'bush' lawyer/IoT test-pilot/GIS landlubber,sthly bstr,http://t.co/GQHgPw8ZUg,"Sydney ,NSW,AU",441,3349,961,
1513271720,Unplag,Unplag plagiarism checker. Follow us to know the latest updates!,Unplag,https://t.co/BvGWDhHu7s,,3800,3216,527,
3314202313,code__guru,,Code Guru,None,,2599,4999,1,
2958309957,Tech_Innovator,"I am building rich web based, desktop and mobile applications. I love my family, digital marketing and video games!",Tech_Innovator,None,US/Denmark,45942,43633,14178,
3307410408,cave_code,,Code Cave,None,,2680,5001,50,
32013,omniprasan,I believe there is no moon when its not observed.,Prasanna Narayanan,None,"The Hague, South Holland",908,384,21039,
62539689,uMelf,Software Developer,Molese Kekana,http://t.co/aW2xLo0JQG,"kempton park, south Africa.",171,374,1069,
4911896319,techforseed,"https://t.co/k8Za9ZASnD is a website where you can get all type of tutorials,mobile reviews,news and much more.Follow us and follow Back",TechForSeed,https://t.co/yInfDPSIlk,Pakistan,279,1989,22,
92234506,ntsrikanth,,Srikanth,None,"Chennai, India",63,217,45,
235102332,brianmawdsley,"Tech Entrepreneur | Business Builder Speaker | Devoted Husband, Mortal striving to be immortal.Founder of https://t.co/DED0yUHBma @Hootsuite Ambassador.",Brian Mawdsley,https://t.co/DED0yUHBma,Cape Town,149716,74493,78050,
14179395,FremontCollege,"Accelerated degree programs in Healthcare, Sports Therapy, Paralegal Studies, Digital Marketing, and Business. Earn a degree in just 15 months!",Fremont College,https://t.co/TBibaGX3Rs,Los Angeles and Cerritos,1911,2118,2446,
2880706019,InsideCourses,Niche market online courses. All courses by University lecturers or business specialists. Enroll for free and see what we have to offer. Quality Education,Inside Courses,https://t.co/DED0yUHBma,Global,5002,4099,1530,
3236508367,ShirleyWest588,Certified travelaholic. Zombie specialist. Friendly introvert. Subtly charming music enthusiast.,Shirley West,None,"New York, USA",1609,1886,4150,
4781853140,UdemyFreeCodes,Free Coupons #Blogging #SEO #Java #Udemy #PPC #wordpress #Amazon #Twitter #Music #photography #Adsense  #Android #HTML #photoshop #ebay #affiliate #Entrepreneur,Udemy Courses,https://t.co/Hfxr8v6FAw,,986,3497,190,
1554106914,elearndeals,"Never Stop Learning with 50-75% off on All Udemy Courses - on Web Design, App and Web Development, Marketing, Finance and More.",sam kern,http://t.co/Ca09QMuLhK,,13837,2905,7347,
2938768150,mellontraining,"Learn through online courses, Udemy courses, videos, articles and get paid from it.",Mellon Training,http://t.co/DpZndVqKS6,Greece,2649,2625,579,
173074162,weusegadgets,We feauture creative and innovative ideas,Weusegadgets,http://t.co/agKRjL2E1b,,48843,27958,97189,
4904707298,argonautJim,Ruby on Rails developer,Jim Argonaut,None,,41,237,947,
24941176,Stu8866,"Shetlander in the world of data analytics. EY Senior Manager, London. Tech, coffee and coding. Ex-forensics. Views my own. #data #analytics #EY #SAP",Stuart McMeechan,https://t.co/Qyh5CfxUoo,"London, England",1140,891,249,
2967662663,thjerm,UX Specialist at TimeXtender. Revolutionizing the world of data warehousing one window at a time.,Thomas Hjermitslev,http://t.co/1OZlLz5z6O,Denmark,7422,6535,703,
185549187,blogdelaunion,Unión de Arquitectos de las Administraciones Públicas_CSCAE,blogdelaunion,https://t.co/MjBsUlEFnI,España,10417,6227,15032,
607188140,tblackpetersen,"Managing Director at Inspari in Denmark - a consulting company with 95 people helping our clients to become data-driven. Microsoft BI, Qlik, Tableau, Adaptive",Thomas BlackPetersen,https://t.co/kxlGFZNqc0,Danmark,20798,18705,341,
51056940,jensjta,Director and Partner at Inspari A/S - Business Intelligence and Performance Management consulting services in Europe.,Jens-Jacob T. Aarup,http://t.co/aGBCrPZI39,"Skødstrup, Denmark",17643,12068,347,
115186691,FreshPatents,"NEW Patents, Technology, Gadgets & Science for inventors, entrepreneurs, scientists, IT pros. FREE patent PDFs by Google, Apple, Facebook, social media & more",FreshPatents,http://t.co/nnQ7S6Dcxm,,36293,33972,40263,
91474307,ATracyHogan,"Managing Partner @HoganAssessment - Hire the right people, develop key talent, and evaluate #leadership potential. #personality #iopsychology #engagement",Aaron Tracy,http://t.co/nAysJTWmuG,,45399,48674,999,
2491367383,Addient_es,"Gestión Licencias Urbanisticas en Madrid #ECU, Barcelona #EC (obras) y #EAC (actividades), y Valencia #OCA (administrativa), y Seguridad industrial #OCA - #EICI",Addient,http://t.co/YFmslSr1Ei,Madrid - Barcelona - Valencia,2676,2552,498,
1024244078,EvanSinar,Chief Scientist at Development Dimensions International (@DDIworld), Author & Top Influencer on #leadership | #dataviz | HR #analytics | #bigdata | #iot,Evan Sinar,https://t.co/RaQHcBv5S4,"Pittsburgh, PA",35558,18788,5908
560488858,Nimbeo,The Smart Big Data Company,Nimbeo,http://t.co/4qRz0CqRIN,From Spain to World & Beyond,715,546,3192,
1482553026,YouShowSpain,Living is sharing. Youshow designs a viral strategy to make your brand travel hand in hand with your clients through the Social Media universe.,Youshow,https://t.co/GR7ilir5bT,TECHHUB @ GOOGLE CAMPUS MADRID,363,1497,40,
3319874382,meralesson,"A blog is about #web #designing & #web #development, SEO tricks and for bloggers who love to learn",meralesson,http://t.co/yKx93MDMM4,Pakistan,2525,4344,72,
483862860,IPv6dotnet,"Editor of http://t.co/ZrOhcyRsww, the nr. 1 site for all IPv6 and IoT news, videos, presentations, books, t-shirts, mugs, stickers.. :-)",IPv6 & IoT,http://t.co/ZrOhcyRsww,Amsterdam,3836,3304,7807,
2978046399,StudentsBoxUC3M,Una Asociación Universitaria basada en acercar estudiantes y empresas. Nacemos tras el reclamo laboral que tiene nuestra Universidad organizando eventos.,StudentsBox,https://t.co/XYasD8LHrc,Campus de Colmenarejo UC3M,819,5001,43,
4860770319,STEMGemsBook,"STEM Gems Book by Stephanie Espy: Explore the paths of 44 inspiring women in diverse STEM fields, and learn what it takes to be a STEM Gem! #GirlsInSTEM",STEM Gems,https://t.co/GDiHjmAMiJ,,995,4489,95,
3655029917,ks_accelerator,Your arrival hall to the Swiss innovation ecosystem. FinTech | Food | Smart & Connected Machines | Future & Emerging Tech - Applications are now open!,KickstartAccelerator,https://t.co/UdEeBNmrBB,"Zurich, Switzerland",1130,3721,273,
280495800,DelegaHCD,"Delegación de Estudiantes de Humanidades, Comunicación y Documentación #UC3M  Estudiantes comprometidos con la Universidad · delehum@uc3m.es 17.1.3-B",Delegación HCD UC3M,http://t.co/CuRVwO4obM,Universidad Carlos III Madrid,1501,1112,3698,
1263053066,CuadraLola,,lola cuadra,None,,15,47,95,
359848309,pappa169,,Arpad Santa,None,,2,26,2,
296231452,guillermoright,,guillermo almeida,None,,10,82,0,
2758681690,WearableGuru,The WearableTech Industry is in a FreeFall Status. Stay Connected with the WearableGuru to Stay Grounded. Find us on Facebook: http://t.co/NqJPNKT9XU,The Wearable Guru,http://t.co/mKiAI8Ia07,London/Amsterdam,54435,53954,2589,
35334873,eloyhz,"Me gusta correr, leer y pasar el tiempo con mi familia y amigos :)",Eloy Hernández,None,Mexico,102,308,1012,
1652380279,MetcalfeRiley,Web Devlopper,Riley Metcalfe,None,,679,2560,1780,
3010797699,miisi_uc3m,"Asignatura de Ingeniería de Sistemas de la Información, UC3M",MIISI,http://t.co/TVimVWXcAV,"Leganés, Madrid",15,62,56,
508035302,nirozkarki,"Farmer, Environmentalist, Programmer (only good at writing bad codes), avid student of Life, Wanderer",Karma Nirvana,None,Frankfurt am Main,73,217,211,
6484062,chema_ar,,Chema,https://t.co/fv06my9Bk8,"UC3M, Madrid",972,1878,4246,
259198709,MPalomaD,"Full Professor, interested in technology for people, interactive systems @ digitalliving.es;
HCI, creativity and participatory design @ #swarchitectedX",Paloma Diaz,http://t.co/34AbGclVy6,Madrid,312,593,369,
262107926,antonioamescua,,Antonio de Amescua,http://t.co/mauW3WPjH2,Madrid - Spain,166,223,487,
